employee_id,employee_name,account,lob
E00001,Emp 1,HealthFirst,Claims
E00002,Emp 2,HealthFirst,Claims
E00003,Emp 3,HealthFirst,Claims
E00004,Emp 4,HealthFirst,Claims
E00005,Emp 5,HealthFirst,Claims
E00006,Emp 6,HealthFirst,Claims
E00007,Emp 7,HealthFirst,Claims
E00008,Emp 8,HealthFirst,Claims
E00009,Emp 9,HealthFirst,Claims
E00010,Emp 10,HealthFirst,Claims
E00011,Emp 11,HealthFirst,Claims
E00012,Emp 12,HealthFirst,Claims
E00013,Emp 13,HealthFirst,Claims
E00014,Emp 14,HealthFirst,Claims
E00015,Emp 15,HealthFirst,Claims
E00016,Emp 16,HealthFirst,Claims
E00017,Emp 17,HealthFirst,Claims
E00018,Emp 18,HealthFirst,Claims
E00019,Emp 19,HealthFirst,Claims
E00020,Emp 20,HealthFirst,Claims
E00021,Emp 21,HealthFirst,Claims
E00022,Emp 22,HealthFirst,Claims
E00023,Emp 23,HealthFirst,Claims
E00024,Emp 24,HealthFirst,Claims
E00025,Emp 25,HealthFirst,Claims
E00026,Emp 26,HealthFirst,Claims
E00027,Emp 27,HealthFirst,Claims
E00028,Emp 28,HealthFirst,Claims
E00029,Emp 29,HealthFirst,Claims
E00030,Emp 30,HealthFirst,Claims
E00031,Emp 31,HealthFirst,Claims
E00032,Emp 32,HealthFirst,Claims
E00033,Emp 33,HealthFirst,Claims
E00034,Emp 34,HealthFirst,Claims
E00035,Emp 35,HealthFirst,Claims
E00036,Emp 36,HealthFirst,Claims
E00037,Emp 37,HealthFirst,Claims
E00038,Emp 38,HealthFirst,Claims
E00039,Emp 39,HealthFirst,Claims
E00040,Emp 40,HealthFirst,Claims
E00041,Emp 41,HealthFirst,Claims
E00042,Emp 42,HealthFirst,Claims
E00043,Emp 43,HealthFirst,Claims
E00044,Emp 44,HealthFirst,Claims
E00045,Emp 45,HealthFirst,Claims
E00046,Emp 46,HealthFirst,Claims
E00047,Emp 47,HealthFirst,Claims
E00048,Emp 48,HealthFirst,Claims
E00049,Emp 49,HealthFirst,Claims
E00050,Emp 50,HealthFirst,Claims
E00051,Emp 51,HealthFirst,Claims
E00052,Emp 52,HealthFirst,Claims
E00053,Emp 53,HealthFirst,Claims
E00054,Emp 54,HealthFirst,Claims
E00055,Emp 55,HealthFirst,Claims
E00056,Emp 56,HealthFirst,Claims
E00057,Emp 57,HealthFirst,Claims
E00058,Emp 58,HealthFirst,Claims
E00059,Emp 59,HealthFirst,Claims
E00060,Emp 60,HealthFirst,Claims
E00061,Emp 61,HealthFirst,Claims
E00062,Emp 62,HealthFirst,Claims
E00063,Emp 63,HealthFirst,Claims
E00064,Emp 64,HealthFirst,Claims
E00065,Emp 65,HealthFirst,Claims
E00066,Emp 66,HealthFirst,Claims
E00067,Emp 67,HealthFirst,Claims
E00068,Emp 68,HealthFirst,Claims
E00069,Emp 69,HealthFirst,Claims
E00070,Emp 70,HealthFirst,Claims
E00071,Emp 71,HealthFirst,Claims
E00072,Emp 72,HealthFirst,Claims
E00073,Emp 73,HealthFirst,Claims
E00074,Emp 74,HealthFirst,Claims
E00075,Emp 75,HealthFirst,Claims
E00076,Emp 76,HealthFirst,Claims
E00077,Emp 77,HealthFirst,Claims
E00078,Emp 78,HealthFirst,Claims
E00079,Emp 79,HealthFirst,Claims
E00080,Emp 80,HealthFirst,Claims
E00081,Emp 81,HealthFirst,Claims
E00082,Emp 82,HealthFirst,Claims
E00083,Emp 83,HealthFirst,Claims
E00084,Emp 84,HealthFirst,Claims
E00085,Emp 85,HealthFirst,Claims
E00086,Emp 86,HealthFirst,Claims
E00087,Emp 87,HealthFirst,Claims
E00088,Emp 88,HealthFirst,Claims
E00089,Emp 89,HealthFirst,Claims
E00090,Emp 90,HealthFirst,Claims
E00091,Emp 91,HealthFirst,Claims
E00092,Emp 92,HealthFirst,Claims
E00093,Emp 93,HealthFirst,Claims
E00094,Emp 94,HealthFirst,Claims
E00095,Emp 95,HealthFirst,Claims
E00096,Emp 96,HealthFirst,Claims
E00097,Emp 97,HealthFirst,Claims
E00098,Emp 98,HealthFirst,Claims
E00099,Emp 99,HealthFirst,Claims
E00100,Emp 100,HealthFirst,Claims
E00101,Emp 101,HealthFirst,Claims
E00102,Emp 102,HealthFirst,Claims
E00103,Emp 103,HealthFirst,Claims
E00104,Emp 104,HealthFirst,Claims
E00105,Emp 105,HealthFirst,Claims
E00106,Emp 106,HealthFirst,Claims
E00107,Emp 107,HealthFirst,Claims
E00108,Emp 108,HealthFirst,Claims
E00109,Emp 109,HealthFirst,Claims
E00110,Emp 110,HealthFirst,Claims
E00111,Emp 111,HealthFirst,Claims
E00112,Emp 112,HealthFirst,Claims
E00113,Emp 113,HealthFirst,Claims
E00114,Emp 114,HealthFirst,Claims
E00115,Emp 115,HealthFirst,Claims
E00116,Emp 116,HealthFirst,Claims
E00117,Emp 117,HealthFirst,Claims
E00118,Emp 118,HealthFirst,Claims
E00119,Emp 119,HealthFirst,Enrollment
E00120,Emp 120,HealthFirst,Enrollment
E00121,Emp 121,HealthFirst,Enrollment
E00122,Emp 122,HealthFirst,Enrollment
E00123,Emp 123,HealthFirst,Enrollment
E00124,Emp 124,HealthFirst,Enrollment
E00125,Emp 125,HealthFirst,Enrollment
E00126,Emp 126,HealthFirst,Enrollment
E00127,Emp 127,HealthFirst,Enrollment
E00128,Emp 128,HealthFirst,Enrollment
E00129,Emp 129,HealthFirst,Enrollment
E00130,Emp 130,HealthFirst,Enrollment
E00131,Emp 131,HealthFirst,Enrollment
E00132,Emp 132,HealthFirst,Enrollment
E00133,Emp 133,HealthFirst,Enrollment
E00134,Emp 134,HealthFirst,Enrollment
E00135,Emp 135,HealthFirst,Enrollment
E00136,Emp 136,HealthFirst,Enrollment
E00137,Emp 137,HealthFirst,Enrollment
E00138,Emp 138,HealthFirst,Enrollment
E00139,Emp 139,HealthFirst,Enrollment
E00140,Emp 140,HealthFirst,Enrollment
E00141,Emp 141,HealthFirst,Enrollment
E00142,Emp 142,HealthFirst,Enrollment
E00143,Emp 143,HealthFirst,Enrollment
E00144,Emp 144,HealthFirst,Enrollment
E00145,Emp 145,HealthFirst,Enrollment
E00146,Emp 146,HealthFirst,Enrollment
E00147,Emp 147,HealthFirst,Enrollment
E00148,Emp 148,HealthFirst,Enrollment
E00149,Emp 149,HealthFirst,Enrollment
E00150,Emp 150,HealthFirst,Enrollment
E00151,Emp 151,HealthFirst,Enrollment
E00152,Emp 152,HealthFirst,Enrollment
E00153,Emp 153,HealthFirst,Enrollment
E00154,Emp 154,HealthFirst,Enrollment
E00155,Emp 155,HealthFirst,Enrollment
E00156,Emp 156,HealthFirst,Enrollment
E00157,Emp 157,HealthFirst,Enrollment
E00158,Emp 158,HealthFirst,Enrollment
E00159,Emp 159,HealthFirst,Enrollment
E00160,Emp 160,HealthFirst,Enrollment
E00161,Emp 161,HealthFirst,Enrollment
E00162,Emp 162,HealthFirst,Enrollment
E00163,Emp 163,HealthFirst,Enrollment
E00164,Emp 164,HealthFirst,Enrollment
E00165,Emp 165,HealthFirst,Enrollment
E00166,Emp 166,HealthFirst,Enrollment
E00167,Emp 167,HealthFirst,Enrollment
E00168,Emp 168,HealthFirst,Enrollment
E00169,Emp 169,HealthFirst,Enrollment
E00170,Emp 170,HealthFirst,Enrollment
E00171,Emp 171,HealthFirst,Enrollment
E00172,Emp 172,HealthFirst,Enrollment
E00173,Emp 173,HealthFirst,Enrollment
E00174,Emp 174,HealthFirst,Enrollment
E00175,Emp 175,HealthFirst,Enrollment
E00176,Emp 176,HealthFirst,Enrollment
E00177,Emp 177,HealthFirst,Provider
E00178,Emp 178,HealthFirst,Provider
E00179,Emp 179,HealthFirst,Provider
E00180,Emp 180,HealthFirst,Provider
E00181,Emp 181,HealthFirst,Provider
E00182,Emp 182,HealthFirst,Provider
E00183,Emp 183,HealthFirst,Provider
E00184,Emp 184,HealthFirst,Provider
E00185,Emp 185,HealthFirst,Provider
E00186,Emp 186,HealthFirst,Provider
E00187,Emp 187,HealthFirst,Provider
E00188,Emp 188,HealthFirst,Provider
E00189,Emp 189,HealthFirst,Provider
E00190,Emp 190,HealthFirst,Provider
E00191,Emp 191,HealthFirst,Provider
E00192,Emp 192,HealthFirst,Provider
E00193,Emp 193,HealthFirst,Provider
E00194,Emp 194,HealthFirst,Provider
E00195,Emp 195,HealthFirst,Provider
E00196,Emp 196,HealthFirst,Provider
E00197,Emp 197,HealthFirst,Provider
E00198,Emp 198,HealthFirst,Provider
E00199,Emp 199,HealthFirst,Provider
E00200,Emp 200,HealthFirst,Provider
E00201,Emp 201,HealthFirst,Provider
E00202,Emp 202,HealthFirst,Provider
E00203,Emp 203,HealthFirst,Provider
E00204,Emp 204,HealthFirst,Provider
E00205,Emp 205,HealthFirst,Provider
E00206,Emp 206,HealthFirst,Provider
E00207,Emp 207,HealthFirst,Provider
E00208,Emp 208,HealthFirst,Provider
E00209,Emp 209,HealthFirst,Provider
E00210,Emp 210,HealthFirst,Provider
E00211,Emp 211,HealthFirst,Provider
E00212,Emp 212,HealthFirst,Provider
E00213,Emp 213,HealthFirst,Provider
E00214,Emp 214,HealthFirst,Provider
E00215,Emp 215,HealthFirst,Provider
E00216,Emp 216,HealthFirst,Provider
E00217,Emp 217,HealthFirst,Provider
E00218,Emp 218,HealthFirst,Provider
E00219,Emp 219,HealthFirst,Provider
E00220,Emp 220,HealthFirst,Provider
E00221,Emp 221,RetailMax,CustomerCare
E00222,Emp 222,RetailMax,CustomerCare
E00223,Emp 223,RetailMax,CustomerCare
E00224,Emp 224,RetailMax,CustomerCare
E00225,Emp 225,RetailMax,CustomerCare
E00226,Emp 226,RetailMax,CustomerCare
E00227,Emp 227,RetailMax,CustomerCare
E00228,Emp 228,RetailMax,CustomerCare
E00229,Emp 229,RetailMax,CustomerCare
E00230,Emp 230,RetailMax,CustomerCare
E00231,Emp 231,RetailMax,CustomerCare
E00232,Emp 232,RetailMax,CustomerCare
E00233,Emp 233,RetailMax,CustomerCare
E00234,Emp 234,RetailMax,CustomerCare
E00235,Emp 235,RetailMax,CustomerCare
E00236,Emp 236,RetailMax,CustomerCare
E00237,Emp 237,RetailMax,CustomerCare
E00238,Emp 238,RetailMax,CustomerCare
E00239,Emp 239,RetailMax,CustomerCare
E00240,Emp 240,RetailMax,CustomerCare
E00241,Emp 241,RetailMax,CustomerCare
E00242,Emp 242,RetailMax,CustomerCare
E00243,Emp 243,RetailMax,CustomerCare
E00244,Emp 244,RetailMax,CustomerCare
E00245,Emp 245,RetailMax,CustomerCare
E00246,Emp 246,RetailMax,CustomerCare
E00247,Emp 247,RetailMax,CustomerCare
E00248,Emp 248,RetailMax,CustomerCare
E00249,Emp 249,RetailMax,CustomerCare
E00250,Emp 250,RetailMax,CustomerCare
E00251,Emp 251,RetailMax,CustomerCare
E00252,Emp 252,RetailMax,CustomerCare
E00253,Emp 253,RetailMax,CustomerCare
E00254,Emp 254,RetailMax,CustomerCare
E00255,Emp 255,RetailMax,CustomerCare
E00256,Emp 256,RetailMax,CustomerCare
E00257,Emp 257,RetailMax,CustomerCare
E00258,Emp 258,RetailMax,CustomerCare
E00259,Emp 259,RetailMax,CustomerCare
E00260,Emp 260,RetailMax,CustomerCare
E00261,Emp 261,RetailMax,CustomerCare
E00262,Emp 262,RetailMax,CustomerCare
E00263,Emp 263,RetailMax,CustomerCare
E00264,Emp 264,RetailMax,CustomerCare
E00265,Emp 265,RetailMax,CustomerCare
E00266,Emp 266,RetailMax,CustomerCare
E00267,Emp 267,RetailMax,CustomerCare
E00268,Emp 268,RetailMax,CustomerCare
E00269,Emp 269,RetailMax,CustomerCare
E00270,Emp 270,RetailMax,CustomerCare
E00271,Emp 271,RetailMax,CustomerCare
E00272,Emp 272,RetailMax,CustomerCare
E00273,Emp 273,RetailMax,CustomerCare
E00274,Emp 274,RetailMax,CustomerCare
E00275,Emp 275,RetailMax,CustomerCare
E00276,Emp 276,RetailMax,CustomerCare
E00277,Emp 277,RetailMax,CustomerCare
E00278,Emp 278,RetailMax,CustomerCare
E00279,Emp 279,RetailMax,CustomerCare
E00280,Emp 280,RetailMax,CustomerCare
E00281,Emp 281,RetailMax,CustomerCare
E00282,Emp 282,RetailMax,CustomerCare
E00283,Emp 283,RetailMax,CustomerCare
E00284,Emp 284,RetailMax,CustomerCare
E00285,Emp 285,RetailMax,CustomerCare
E00286,Emp 286,RetailMax,CustomerCare
E00287,Emp 287,RetailMax,CustomerCare
E00288,Emp 288,RetailMax,CustomerCare
E00289,Emp 289,RetailMax,CustomerCare
E00290,Emp 290,RetailMax,CustomerCare
E00291,Emp 291,RetailMax,CustomerCare
E00292,Emp 292,RetailMax,CustomerCare
E00293,Emp 293,RetailMax,CustomerCare
E00294,Emp 294,RetailMax,CustomerCare
E00295,Emp 295,RetailMax,CustomerCare
E00296,Emp 296,RetailMax,CustomerCare
E00297,Emp 297,RetailMax,CustomerCare
E00298,Emp 298,RetailMax,CustomerCare
E00299,Emp 299,RetailMax,CustomerCare
E00300,Emp 300,RetailMax,CustomerCare
E00301,Emp 301,RetailMax,CustomerCare
E00302,Emp 302,RetailMax,CustomerCare
E00303,Emp 303,RetailMax,CustomerCare
E00304,Emp 304,RetailMax,CustomerCare
E00305,Emp 305,RetailMax,CustomerCare
E00306,Emp 306,RetailMax,CustomerCare
E00307,Emp 307,RetailMax,CustomerCare
E00308,Emp 308,RetailMax,CustomerCare
E00309,Emp 309,RetailMax,CustomerCare
E00310,Emp 310,RetailMax,CustomerCare
E00311,Emp 311,RetailMax,CustomerCare
E00312,Emp 312,RetailMax,CustomerCare
E00313,Emp 313,RetailMax,CustomerCare
E00314,Emp 314,RetailMax,CustomerCare
E00315,Emp 315,RetailMax,CustomerCare
E00316,Emp 316,RetailMax,CustomerCare
E00317,Emp 317,RetailMax,CustomerCare
E00318,Emp 318,RetailMax,CustomerCare
E00319,Emp 319,RetailMax,CustomerCare
E00320,Emp 320,RetailMax,CustomerCare
E00321,Emp 321,RetailMax,CustomerCare
E00322,Emp 322,RetailMax,CustomerCare
E00323,Emp 323,RetailMax,CustomerCare
E00324,Emp 324,RetailMax,CustomerCare
E00325,Emp 325,RetailMax,CustomerCare
E00326,Emp 326,RetailMax,CustomerCare
E00327,Emp 327,RetailMax,CustomerCare
E00328,Emp 328,RetailMax,CustomerCare
E00329,Emp 329,RetailMax,CustomerCare
E00330,Emp 330,RetailMax,CustomerCare
E00331,Emp 331,RetailMax,CustomerCare
E00332,Emp 332,RetailMax,CustomerCare
E00333,Emp 333,RetailMax,CustomerCare
E00334,Emp 334,RetailMax,CustomerCare
E00335,Emp 335,RetailMax,CustomerCare
E00336,Emp 336,RetailMax,CustomerCare
E00337,Emp 337,RetailMax,CustomerCare
E00338,Emp 338,RetailMax,CustomerCare
E00339,Emp 339,RetailMax,CustomerCare
E00340,Emp 340,RetailMax,CustomerCare
E00341,Emp 341,RetailMax,CustomerCare
E00342,Emp 342,RetailMax,CustomerCare
E00343,Emp 343,RetailMax,CustomerCare
E00344,Emp 344,RetailMax,CustomerCare
E00345,Emp 345,RetailMax,CustomerCare
E00346,Emp 346,RetailMax,CustomerCare
E00347,Emp 347,RetailMax,CustomerCare
E00348,Emp 348,RetailMax,CustomerCare
E00349,Emp 349,RetailMax,CustomerCare
E00350,Emp 350,RetailMax,CustomerCare
E00351,Emp 351,RetailMax,CustomerCare
E00352,Emp 352,RetailMax,CustomerCare
E00353,Emp 353,RetailMax,CustomerCare
E00354,Emp 354,RetailMax,CustomerCare
E00355,Emp 355,RetailMax,CustomerCare
E00356,Emp 356,RetailMax,CustomerCare
E00357,Emp 357,RetailMax,CustomerCare
E00358,Emp 358,RetailMax,CustomerCare
E00359,Emp 359,RetailMax,CustomerCare
E00360,Emp 360,RetailMax,CustomerCare
E00361,Emp 361,RetailMax,CustomerCare
E00362,Emp 362,RetailMax,CustomerCare
E00363,Emp 363,RetailMax,CustomerCare
E00364,Emp 364,RetailMax,CustomerCare
E00365,Emp 365,RetailMax,CustomerCare
E00366,Emp 366,RetailMax,CustomerCare
E00367,Emp 367,RetailMax,CustomerCare
E00368,Emp 368,RetailMax,Escalations
E00369,Emp 369,RetailMax,Escalations
E00370,Emp 370,RetailMax,Escalations
E00371,Emp 371,RetailMax,Escalations
E00372,Emp 372,RetailMax,Escalations
E00373,Emp 373,RetailMax,Escalations
E00374,Emp 374,RetailMax,Escalations
E00375,Emp 375,RetailMax,Escalations
E00376,Emp 376,RetailMax,Escalations
E00377,Emp 377,RetailMax,Escalations
E00378,Emp 378,RetailMax,Escalations
E00379,Emp 379,RetailMax,Escalations
E00380,Emp 380,RetailMax,Escalations
E00381,Emp 381,RetailMax,Escalations
E00382,Emp 382,RetailMax,Escalations
E00383,Emp 383,RetailMax,Escalations
E00384,Emp 384,RetailMax,Escalations
E00385,Emp 385,RetailMax,Escalations
E00386,Emp 386,RetailMax,Escalations
E00387,Emp 387,RetailMax,Escalations
E00388,Emp 388,RetailMax,Escalations
E00389,Emp 389,RetailMax,Escalations
E00390,Emp 390,RetailMax,Escalations
E00391,Emp 391,RetailMax,Escalations
E00392,Emp 392,RetailMax,Escalations
E00393,Emp 393,RetailMax,Escalations
E00394,Emp 394,RetailMax,Escalations
E00395,Emp 395,RetailMax,Escalations
E00396,Emp 396,RetailMax,Escalations
E00397,Emp 397,FinServe,KYC
E00398,Emp 398,FinServe,KYC
E00399,Emp 399,FinServe,KYC
E00400,Emp 400,FinServe,KYC
E00401,Emp 401,FinServe,KYC
E00402,Emp 402,FinServe,KYC
E00403,Emp 403,FinServe,KYC
E00404,Emp 404,FinServe,KYC
E00405,Emp 405,FinServe,KYC
E00406,Emp 406,FinServe,KYC
E00407,Emp 407,FinServe,KYC
E00408,Emp 408,FinServe,KYC
E00409,Emp 409,FinServe,KYC
E00410,Emp 410,FinServe,KYC
E00411,Emp 411,FinServe,KYC
E00412,Emp 412,FinServe,KYC
E00413,Emp 413,FinServe,KYC
E00414,Emp 414,FinServe,KYC
E00415,Emp 415,FinServe,KYC
E00416,Emp 416,FinServe,KYC
E00417,Emp 417,FinServe,KYC
E00418,Emp 418,FinServe,KYC
E00419,Emp 419,FinServe,KYC
E00420,Emp 420,FinServe,KYC
E00421,Emp 421,FinServe,KYC
E00422,Emp 422,FinServe,KYC
E00423,Emp 423,FinServe,KYC
E00424,Emp 424,FinServe,KYC
E00425,Emp 425,FinServe,KYC
E00426,Emp 426,FinServe,KYC
E00427,Emp 427,FinServe,KYC
E00428,Emp 428,FinServe,KYC
E00429,Emp 429,FinServe,KYC
E00430,Emp 430,FinServe,KYC
E00431,Emp 431,FinServe,KYC
E00432,Emp 432,FinServe,KYC
E00433,Emp 433,FinServe,KYC
E00434,Emp 434,FinServe,KYC
E00435,Emp 435,FinServe,KYC
E00436,Emp 436,FinServe,KYC
E00437,Emp 437,FinServe,KYC
E00438,Emp 438,FinServe,KYC
E00439,Emp 439,FinServe,KYC
E00440,Emp 440,FinServe,KYC
E00441,Emp 441,FinServe,KYC
E00442,Emp 442,FinServe,KYC
E00443,Emp 443,FinServe,KYC
E00444,Emp 444,FinServe,KYC
E00445,Emp 445,FinServe,KYC
E00446,Emp 446,FinServe,KYC
E00447,Emp 447,FinServe,KYC
E00448,Emp 448,FinServe,KYC
E00449,Emp 449,FinServe,KYC
E00450,Emp 450,FinServe,KYC
E00451,Emp 451,FinServe,KYC
E00452,Emp 452,FinServe,KYC
E00453,Emp 453,FinServe,KYC
E00454,Emp 454,FinServe,KYC
E00455,Emp 455,FinServe,KYC
E00456,Emp 456,FinServe,KYC
E00457,Emp 457,FinServe,KYC
E00458,Emp 458,FinServe,KYC
E00459,Emp 459,FinServe,KYC
E00460,Emp 460,FinServe,KYC
E00461,Emp 461,FinServe,KYC
E00462,Emp 462,FinServe,KYC
E00463,Emp 463,FinServe,KYC
E00464,Emp 464,FinServe,KYC
E00465,Emp 465,FinServe,KYC
E00466,Emp 466,FinServe,KYC
E00467,Emp 467,FinServe,KYC
E00468,Emp 468,FinServe,KYC
E00469,Emp 469,FinServe,KYC
E00470,Emp 470,FinServe,KYC
E00471,Emp 471,FinServe,KYC
E00472,Emp 472,FinServe,KYC
E00473,Emp 473,FinServe,KYC
E00474,Emp 474,FinServe,KYC
E00475,Emp 475,FinServe,Disputes
E00476,Emp 476,FinServe,Disputes
E00477,Emp 477,FinServe,Disputes
E00478,Emp 478,FinServe,Disputes
E00479,Emp 479,FinServe,Disputes
E00480,Emp 480,FinServe,Disputes
E00481,Emp 481,FinServe,Disputes
E00482,Emp 482,FinServe,Disputes
E00483,Emp 483,FinServe,Disputes
E00484,Emp 484,FinServe,Disputes
E00485,Emp 485,FinServe,Disputes
E00486,Emp 486,FinServe,Disputes
E00487,Emp 487,FinServe,Disputes
E00488,Emp 488,FinServe,Disputes
E00489,Emp 489,FinServe,Disputes
E00490,Emp 490,FinServe,Disputes
E00491,Emp 491,FinServe,Disputes
E00492,Emp 492,FinServe,Disputes
E00493,Emp 493,FinServe,Disputes
E00494,Emp 494,FinServe,Disputes
E00495,Emp 495,FinServe,Disputes
E00496,Emp 496,FinServe,Disputes
E00497,Emp 497,FinServe,Disputes
E00498,Emp 498,FinServe,Disputes
E00499,Emp 499,FinServe,Disputes
E00500,Emp 500,FinServe,Disputes
E00501,Emp 501,FinServe,Disputes
E00502,Emp 502,FinServe,Disputes
E00503,Emp 503,FinServe,Disputes
E00504,Emp 504,FinServe,Disputes
E00505,Emp 505,FinServe,Disputes
E00506,Emp 506,FinServe,Disputes
E00507,Emp 507,FinServe,Disputes
E00508,Emp 508,FinServe,Disputes
E00509,Emp 509,FinServe,Disputes
E00510,Emp 510,FinServe,Disputes
E00511,Emp 511,FinServe,Disputes
E00512,Emp 512,FinServe,Disputes
E00513,Emp 513,FinServe,Disputes
E00514,Emp 514,FinServe,Disputes
E00515,Emp 515,FinServe,Disputes
E00516,Emp 516,FinServe,Disputes
E00517,Emp 517,FinServe,Disputes
E00518,Emp 518,FinServe,Disputes
E00519,Emp 519,FinServe,Disputes
E00520,Emp 520,FinServe,Disputes
E00521,Emp 521,FinServe,Disputes
E00522,Emp 522,FinServe,Disputes
E00523,Emp 523,FinServe,Disputes
E00524,Emp 524,FinServe,Disputes
E00525,Emp 525,FinServe,Disputes
E00526,Emp 526,FinServe,Disputes
E00527,Emp 527,FinServe,Disputes
E00528,Emp 528,FinServe,Disputes
E00529,Emp 529,FinServe,Disputes
E00530,Emp 530,FinServe,Disputes
E00531,Emp 531,FinServe,Disputes
E00532,Emp 532,FinServe,Disputes
E00533,Emp 533,FinServe,Disputes
E00534,Emp 534,FinServe,Disputes
E00535,Emp 535,FinServe,Disputes
E00536,Emp 536,FinServe,Disputes
E00537,Emp 537,FinServe,Disputes
E00538,Emp 538,FinServe,Disputes
E00539,Emp 539,FinServe,Disputes
E00540,Emp 540,FinServe,Disputes
E00541,Emp 541,FinServe,Disputes
E00542,Emp 542,FinServe,Disputes
E00543,Emp 543,FinServe,Disputes
E00544,Emp 544,FinServe,Disputes
E00545,Emp 545,FinServe,Disputes
